[{"Model": "Audi e-tron GT quattro 20", "Price": 95945.0, "Drive": "AWD", "Capacity": 93.4, "Range": 238.0, "0to60": 3.9, "MaxSpeed": 152.0}, {"Model": "Audi RS e-tron GT quattro 20", "Price": 135945.0, "Drive": "AWD", "Capacity": 93.4, "Range": 232.0, "0to60": 3.1, "MaxSpeed": 155.0}, {"Model": "Audi e-tron quattro 20", "Price": 59495.0, "Drive": "AWD", "Capacity": 95.0, "Range": 222.0, "0to60": 5.5, "MaxSpeed": 124.0}, {"Model": "Audi e-tron Sportback quattro 20", "Price": 62695.0, "Drive": "AWD", "Capacity": 95.0, "Range": 218.0, "0to60": 5.5, "MaxSpeed": 124.0}, {"Model": "Audi e-tron S 20", "Price": 78395.0, "Drive": "AWD", "Capacity": 95.0, "Range": 208.0, "0to60": 4.3, "MaxSpeed": 130.0}, {"Model": "Audi e-tron S 21", "Price": 81045.0, "Drive": "AWD", "Capacity": 95.0, "Range": 181.0, "0to60": 4.3, "MaxSpeed": 130.0}, {"Model": "Audi e-tron S Sportback 20", "Price": 80995.0, "Drive": "AWD", "Capacity": 95.0, "Range": 212.0, "0to60": 4.3, "MaxSpeed": 130.0}, {"Model": "Audi e-tron S Sportback 21", "Price": 83645.0, "Drive": "AWD", "Capacity": 95.0, "Range": 185.0, "0to60": 4.3, "MaxSpeed": 130.0}, {"Model": "Audi Q4 40 e-tron 19", "Price": 37495.0, "Drive": "RWD", "Capacity": 82.0, "Range": 250.0, "0to60": 7.9, "MaxSpeed": 99.0}, {"Model": "Audi Q4 50 e-tron quattro 19", "Price": 43495.0, "Drive": "AWD", "Capacity": 82.0, "Range": 241.0, "0to60": 5.8, "MaxSpeed": 112.0}, {"Model": "Audi Q4 Sportback 50 e-tron quattro 20", "Price": 46295.0, "Drive": "AWD", "Capacity": 82.0, "Range": 241.0, "0to60": 5.8, "MaxSpeed": 112.0}, {"Model": "BMW i4 eDrive40 18", "Price": 48895.0, "Drive": "RWD", "Capacity": 83.9, "Range": 301.0, "0to60": 5.5, "MaxSpeed": 118.0}, {"Model": "BMW i4 M50 19", "Price": 59395.0, "Drive": "AWD", "Capacity": 83.9, "Range": 270.0, "0to60": 3.7, "MaxSpeed": 130.0}, {"Model": "BMW iX xDrive50 20", "Price": 76695.0, "Drive": "AWD", "Capacity": 111.5, "Range": 324.0, "0to60": 4.4, "MaxSpeed": 124.0}, {"Model": "Cadillac Lyriq Debut Edition", "Price": 59990.0, "Drive": "RWD", "Capacity": 100.4, "Range": 300.0, "0to60": -1.0, "MaxSpeed": -1.0}, {"Model": "Chevrolet Bolt EV", "Price": 31995.0, "Drive": "FWD", "Capacity": 65.0, "Range": 259.0, "0to60": 6.5, "MaxSpeed": -1.0}, {"Model": "Chevrolet Bolt EUV", "Price": 33995.0, "Drive": "FWD", "Capacity": 65.0, "Range": 247.0, "0to60": 7.0, "MaxSpeed": -1.0}, {"Model": "Ford F-150 Pro SR 18", "Price": 34169.0, "Drive": "AWD", "Capacity": 110.0, "Range": 230.0, "0to60": -1.0, "MaxSpeed": -1.0}, {"Model": "Ford F-150 Pro ER (fleets) 18", "Price": 44169.0, "Drive": "AWD", "Capacity": 145.0, "Range": 300.0, "0to60": -1.0, "MaxSpeed": -1.0}, {"Model": "Ford F-150 Lightning XLT SR 18", "Price": 47169.0, "Drive": "AWD", "Capacity": 110.0, "Range": 230.0, "0to60": -1.0, "MaxSpeed": -1.0}, {"Model": "Ford F-150 Lightning XLT ER 20", "Price": 66669.0, "Drive": "AWD", "Capacity": 145.0, "Range": 300.0, "0to60": -1.0, "MaxSpeed": -1.0}, {"Model": "Ford F-150 Lightning Lariat SR 20", "Price": 61669.0, "Drive": "AWD", "Capacity": 110.0, "Range": 230.0, "0to60": -1.0, "MaxSpeed": -1.0}, {"Model": "Ford F-150 Lightning Lariat ER 20", "Price": 71669.0, "Drive": "AWD", "Capacity": 145.0, "Range": 300.0, "0to60": -1.0, "MaxSpeed": -1.0}, {"Model": "Ford F-150 Lightning Platinum ER 22", "Price": 85069.0, "Drive": "AWD", "Capacity": 145.0, "Range": 280.0, "0to60": -1.0, "MaxSpeed": -1.0}, {"Model": "Ford Mustang Mach-E Select SR RWD 18", "Price": 37495.0, "Drive": "RWD", "Capacity": 75.7, "Range": 247.0, "0to60": 5.8, "MaxSpeed": -1.0}, {"Model": "Ford Mustang Mach-E Select SR AWD 18", "Price": 40195.0, "Drive": "AWD", "Capacity": 75.7, "Range": 224.0, "0to60": 5.2, "MaxSpeed": -1.0}, {"Model": "Ford Mustang Mach-E Premium SR RWD 19", "Price": 42700.0, "Drive": "RWD", "Capacity": 75.7, "Range": 247.0, "0to60": 5.8, "MaxSpeed": -1.0}, {"Model": "Ford Mustang Mach-E Premium SR AWD 19", "Price": 45400.0, "Drive": "AWD", "Capacity": 75.7, "Range": 224.0, "0to60": 5.2, "MaxSpeed": -1.0}, {"Model": "Ford Mustang Mach-E Premium ER RWD 19", "Price": 48700.0, "Drive": "RWD", "Capacity": 98.8, "Range": 303.0, "0to60": 6.1, "MaxSpeed": -1.0}, {"Model": "Ford Mustang Mach-E Premium ER AWD 19", "Price": 51400.0, "Drive": "AWD", "Capacity": 98.8, "Range": 277.0, "0to60": 4.8, "MaxSpeed": -1.0}, {"Model": "Ford Mustang Mach-E Route 1 ER RWD 18", "Price": 46375.0, "Drive": "RWD", "Capacity": 98.8, "Range": 314.0, "0to60": 6.1, "MaxSpeed": -1.0}, {"Model": "Ford Mustang Mach-E Route 1 ER AWD 18", "Price": 49075.0, "Drive": "AWD", "Capacity": 98.8, "Range": 312.0, "0to60": 4.8, "MaxSpeed": -1.0}, {"Model": "Ford Mustang Mach-E GT ER AWD 20", "Price": 55595.0, "Drive": "AWD", "Capacity": 98.8, "Range": 270.0, "0to60": 3.8, "MaxSpeed": -1.0}, {"Model": "Ford Mustang Mach-E GT Perf. ER AWD 20", "Price": 61595.0, "Drive": "AWD", "Capacity": 98.8, "Range": 260.0, "0to60": 3.5, "MaxSpeed": -1.0}, {"Model": "GMC Hummer EV Pickup (Edition 1)", "Price": 110295.0, "Drive": "AWD", "Capacity": 200.0, "Range": 329.0, "0to60": 3.0, "MaxSpeed": -1.0}, {"Model": "Hyundai Ioniq 5 SE SR RWD 19", "Price": 33425.0, "Drive": "RWD", "Capacity": 58.2, "Range": 220.0, "0to60": -1.0, "MaxSpeed": -1.0}, {"Model": "Hyundai Ioniq 5 SE RWD 19", "Price": 37375.0, "Drive": "RWD", "Capacity": 77.4, "Range": 303.0, "0to60": -1.0, "MaxSpeed": 115.0}, {"Model": "Hyundai Ioniq 5 SE AWD 19", "Price": 40875.0, "Drive": "AWD", "Capacity": 77.4, "Range": 256.0, "0to60": 5.0, "MaxSpeed": 115.0}, {"Model": "Hyundai Ioniq 5 SEL RWD 19", "Price": 39625.0, "Drive": "RWD", "Capacity": 77.4, "Range": 303.0, "0to60": -1.0, "MaxSpeed": 115.0}, {"Model": "Hyundai Ioniq 5 SEL AWD 19", "Price": 43125.0, "Drive": "AWD", "Capacity": 77.4, "Range": 256.0, "0to60": 5.0, "MaxSpeed": 115.0}, {"Model": "Hyundai Ioniq 5 Limited RWD 19", "Price": 44325.0, "Drive": "RWD", "Capacity": 77.4, "Range": 303.0, "0to60": -1.0, "MaxSpeed": 115.0}, {"Model": "Hyundai Ioniq 5 Limited AWD 20", "Price": 48225.0, "Drive": "AWD", "Capacity": 77.4, "Range": 256.0, "0to60": 5.0, "MaxSpeed": 115.0}, {"Model": "Hyundai IONIQ Electric", "Price": 26750.0, "Drive": "FWD", "Capacity": 38.3, "Range": 170.0, "0to60": 10.0, "MaxSpeed": 102.0}, {"Model": "Hyundai Kona Electric", "Price": 27685.0, "Drive": "FWD", "Capacity": 64.0, "Range": 258.0, "0to60": 7.9, "MaxSpeed": 104.0}, {"Model": "Jaguar I-PACE EV400", "Price": 63550.0, "Drive": "AWD", "Capacity": 90.0, "Range": 234.0, "0to60": 4.5, "MaxSpeed": 124.0}, {"Model": "Kia EV6 Light RWD SR 19", "Price": 34615.0, "Drive": "RWD", "Capacity": 58.0, "Range": 232.0, "0to60": 8.0, "MaxSpeed": 115.0}, {"Model": "Kia EV6 Wind RWD LR 19", "Price": 40715.0, "Drive": "RWD", "Capacity": 77.4, "Range": 310.0, "0to60": 7.2, "MaxSpeed": 115.0}, {"Model": "Kia EV6 Wind AWD LR 19", "Price": 44615.0, "Drive": "AWD", "Capacity": 77.4, "Range": 274.0, "0to60": 5.1, "MaxSpeed": 117.0}, {"Model": "Kia EV6 GT-Line RWD LR 19", "Price": 44915.0, "Drive": "RWD", "Capacity": 77.4, "Range": 310.0, "0to60": 7.2, "MaxSpeed": 115.0}, {"Model": "Kia EV6 GT-Line AWD LR 19", "Price": 49615.0, "Drive": "AWD", "Capacity": 77.4, "Range": 274.0, "0to60": 5.1, "MaxSpeed": 117.0}, {"Model": "Kia EV6 First Edition AWD LR 20", "Price": 52215.0, "Drive": "AWD", "Capacity": 77.4, "Range": 265.0, "0to60": 5.1, "MaxSpeed": 117.0}, {"Model": "Kia Niro EV", "Price": 33665.0, "Drive": "FWD", "Capacity": 64.0, "Range": 239.0, "0to60": 7.5, "MaxSpeed": 104.0}, {"Model": "Lucid Air Dream Edition Performance 19", "Price": 163000.0, "Drive": "AWD", "Capacity": 118.0, "Range": 471.0, "0to60": 2.5, "MaxSpeed": 168.0}, {"Model": "Lucid Air Dream Edition Performance 21", "Price": 163000.0, "Drive": "AWD", "Capacity": 118.0, "Range": 451.0, "0to60": 2.42, "MaxSpeed": 168.0}, {"Model": "Lucid Air Dream Edition Range 19", "Price": 163000.0, "Drive": "AWD", "Capacity": 118.0, "Range": 520.0, "0to60": 2.7, "MaxSpeed": 168.0}, {"Model": "Lucid Air Dream Edition Range 21", "Price": 163000.0, "Drive": "AWD", "Capacity": 118.0, "Range": 481.0, "0to60": 2.74, "MaxSpeed": 168.0}, {"Model": "Lucid Air Grand Touring 19", "Price": 133000.0, "Drive": "AWD", "Capacity": 112.0, "Range": 516.0, "0to60": 3.0, "MaxSpeed": 168.0}, {"Model": "Lucid Air Grand Touring 21", "Price": 133000.0, "Drive": "AWD", "Capacity": 112.0, "Range": 469.0, "0to60": 3.0, "MaxSpeed": 168.0}, {"Model": "Mazda MX-30", "Price": 27145.0, "Drive": "FWD", "Capacity": 35.5, "Range": 100.0, "0to60": -1.0, "MaxSpeed": 87.0}, {"Model": "Mercedes EQS 450+ (RWD; 20)", "Price": 95860.0, "Drive": "RWD", "Capacity": 115.0, "Range": 350.0, "0to60": 5.9, "MaxSpeed": 130.0}, {"Model": "Mercedes EQS 580 4MATIC (AWD; 21)", "Price": 112660.0, "Drive": "AWD", "Capacity": 115.0, "Range": 340.0, "0to60": 4.1, "MaxSpeed": 130.0}, {"Model": "MINI Cooper SE", "Price": 23250.0, "Drive": "FWD", "Capacity": 32.6, "Range": 114.0, "0to60": 6.9, "MaxSpeed": 93.0}, {"Model": "Nissan Ariya Venture+ FWD 19", "Price": 39625.0, "Drive": "FWD", "Capacity": 91.0, "Range": 300.0, "0to60": 7.2, "MaxSpeed": -1.0}, {"Model": "Nissan Ariya Evolve+ FWD 19", "Price": 42625.0, "Drive": "FWD", "Capacity": 91.0, "Range": 285.0, "0to60": 7.2, "MaxSpeed": -1.0}, {"Model": "Nissan Ariya Premiere FWD 19 (limited)", "Price": 47125.0, "Drive": "FWD", "Capacity": 91.0, "Range": 285.0, "0to60": 7.2, "MaxSpeed": -1.0}, {"Model": "Nissan Ariya Platinum+ e-4ORCE AWD 19", "Price": 52625.0, "Drive": "AWD", "Capacity": 91.0, "Range": 265.0, "0to60": 4.8, "MaxSpeed": -1.0}, {"Model": "Nissan LEAF S (40 kWh)", "Price": 20875.0, "Drive": "FWD", "Capacity": 40.0, "Range": 149.0, "0to60": 7.4, "MaxSpeed": 90.0}, {"Model": "Nissan LEAF e+ S (62 kWh)", "Price": 25875.0, "Drive": "FWD", "Capacity": 62.0, "Range": 226.0, "0to60": 6.5, "MaxSpeed": -1.0}, {"Model": "Nissan LEAF e+ SV (62 kWh)", "Price": 30875.0, "Drive": "FWD", "Capacity": 62.0, "Range": 215.0, "0to60": 6.5, "MaxSpeed": -1.0}, {"Model": "Polestar 2 Single Motor 19", "Price": 39700.0, "Drive": "FWD", "Capacity": 78.0, "Range": 270.0, "0to60": 7.0, "MaxSpeed": 100.0}, {"Model": "Polestar 2 Dual Motor 19", "Price": 43700.0, "Drive": "AWD", "Capacity": 78.0, "Range": 249.0, "0to60": 4.5, "MaxSpeed": 127.0}, {"Model": "Porsche Taycan (79 kWh) 19", "Price": 76550.0, "Drive": "RWD", "Capacity": 79.2, "Range": 200.0, "0to60": 5.1, "MaxSpeed": 143.0}, {"Model": "Porsche Taycan (93 kWh) 19", "Price": 82330.0, "Drive": "RWD", "Capacity": 93.4, "Range": 225.0, "0to60": 5.1, "MaxSpeed": 143.0}, {"Model": "Porsche Taycan 4S (79 kWh) 19", "Price": 97650.0, "Drive": "AWD", "Capacity": 79.2, "Range": 199.0, "0to60": 3.8, "MaxSpeed": 155.0}, {"Model": "Porsche Taycan 4S (93 kWh) 19", "Price": 103220.0, "Drive": "AWD", "Capacity": 93.4, "Range": 227.0, "0to60": 3.8, "MaxSpeed": 155.0}, {"Model": "Porsche Taycan GTS (93 kWh) 20", "Price": 125250.0, "Drive": "AWD", "Capacity": 93.4, "Range": -1.0, "0to60": 3.5, "MaxSpeed": 155.0}, {"Model": "Porsche Taycan Turbo (93 kWh) 20", "Price": 144750.0, "Drive": "AWD", "Capacity": 93.4, "Range": 212.0, "0to60": 3.0, "MaxSpeed": 161.0}, {"Model": "Porsche Taycan Turbo S (93 kWh) 21", "Price": 178850.0, "Drive": "AWD", "Capacity": 93.4, "Range": 201.0, "0to60": 2.6, "MaxSpeed": 161.0}, {"Model": "Porsche Taycan 4 Cross Turismo 19", "Price": 87550.0, "Drive": "AWD", "Capacity": 93.4, "Range": 215.0, "0to60": 4.8, "MaxSpeed": 137.0}, {"Model": "Porsche Taycan 4S Cross Turismo 19", "Price": 104150.0, "Drive": "AWD", "Capacity": 93.4, "Range": 215.0, "0to60": 3.9, "MaxSpeed": 149.0}, {"Model": "Porsche Taycan GTS Sport Turismo 20", "Price": 127150.0, "Drive": "AWD", "Capacity": 93.4, "Range": -1.0, "0to60": 3.5, "MaxSpeed": 155.0}, {"Model": "Porsche Taycan Turbo Cross Turismo 20", "Price": 147350.0, "Drive": "AWD", "Capacity": 93.4, "Range": 204.0, "0to60": 3.1, "MaxSpeed": 155.0}, {"Model": "Porsche Taycan Turbo S Cross Turismo 20", "Price": 181450.0, "Drive": "AWD", "Capacity": 93.4, "Range": 202.0, "0to60": 2.7, "MaxSpeed": 155.0}, {"Model": "Rivian R1S (Large pack, 21)", "Price": 63575.0, "Drive": "AWD", "Capacity": 135.0, "Range": 316.0, "0to60": 3.0, "MaxSpeed": 125.0}, {"Model": "Rivian R1T (Large pack, 21)", "Price": 61075.0, "Drive": "AWD", "Capacity": 135.0, "Range": 314.0, "0to60": 3.0, "MaxSpeed": 125.0}, {"Model": "Tesla Model 3 RWD 18", "Price": 46190.0, "Drive": "RWD", "Capacity": 60.0, "Range": 272.0, "0to60": 5.8, "MaxSpeed": 140.0}, {"Model": "Tesla Model 3 RWD 19", "Price": 47690.0, "Drive": "RWD", "Capacity": 60.0, "Range": 267.0, "0to60": 5.8, "MaxSpeed": 140.0}, {"Model": "Tesla Model 3 Long Range AWD 18", "Price": 52190.0, "Drive": "AWD", "Capacity": 80.0, "Range": 358.0, "0to60": 4.2, "MaxSpeed": 145.0}, {"Model": "Tesla Model 3 Long Range AWD 19", "Price": 53690.0, "Drive": "AWD", "Capacity": 80.0, "Range": 334.0, "0to60": 4.2, "MaxSpeed": 145.0}, {"Model": "Tesla Model 3 Perf. LR AWD 20", "Price": 60190.0, "Drive": "AWD", "Capacity": 80.0, "Range": 315.0, "0to60": 3.1, "MaxSpeed": 162.0}, {"Model": "Tesla Model S LR AWD 19", "Price": 96190.0, "Drive": "AWD", "Capacity": 100.0, "Range": 405.0, "0to60": 3.1, "MaxSpeed": 155.0}, {"Model": "Tesla Model S LR AWD 21", "Price": 100690.0, "Drive": "AWD", "Capacity": 100.0, "Range": 375.0, "0to60": 3.1, "MaxSpeed": 155.0}, {"Model": "Tesla Model S Plaid 19", "Price": 131190.0, "Drive": "AWD", "Capacity": 100.0, "Range": 396.0, "0to60": 1.99, "MaxSpeed": 200.0}, {"Model": "Tesla Model S Plaid 21", "Price": 135690.0, "Drive": "AWD", "Capacity": 100.0, "Range": 348.0, "0to60": 1.99, "MaxSpeed": 200.0}, {"Model": "Tesla Model X LR AWD 20", "Price": 106190.0, "Drive": "AWD", "Capacity": 100.0, "Range": 348.0, "0to60": 3.8, "MaxSpeed": 155.0}, {"Model": "Tesla Model X LR AWD 22", "Price": 111690.0, "Drive": "AWD", "Capacity": 100.0, "Range": 332.0, "0to60": 3.8, "MaxSpeed": 155.0}, {"Model": "Tesla Model X Plaid 20", "Price": 127690.0, "Drive": "AWD", "Capacity": 100.0, "Range": 333.0, "0to60": 2.5, "MaxSpeed": 163.0}, {"Model": "Tesla Model X Plaid 22", "Price": 133190.0, "Drive": "AWD", "Capacity": 100.0, "Range": 311.0, "0to60": 2.5, "MaxSpeed": 163.0}, {"Model": "Tesla Model Y Long Range AWD 19", "Price": 60190.0, "Drive": "AWD", "Capacity": 80.0, "Range": 330.0, "0to60": 4.8, "MaxSpeed": 135.0}, {"Model": "Tesla Model Y Long Range AWD 20", "Price": 62190.0, "Drive": "AWD", "Capacity": 80.0, "Range": 318.0, "0to60": 4.8, "MaxSpeed": 135.0}, {"Model": "Tesla Model Y Perf. LR AWD 21", "Price": 65190.0, "Drive": "AWD", "Capacity": 80.0, "Range": 303.0, "0to60": 3.5, "MaxSpeed": 155.0}, {"Model": "Volvo C40 Recharge", "Price": 52345.0, "Drive": "AWD", "Capacity": 78.0, "Range": 226.0, "0to60": 4.7, "MaxSpeed": 112.0}, {"Model": "Volvo XC40 Recharge", "Price": 48895.0, "Drive": "AWD", "Capacity": 78.0, "Range": 223.0, "0to60": 4.7, "MaxSpeed": 112.0}, {"Model": "Volkswagen ID.4 Pro 19", "Price": 34455.0, "Drive": "RWD", "Capacity": 82.0, "Range": 260.0, "0to60": 7.7, "MaxSpeed": 99.0}, {"Model": "Volkswagen ID.4 Pro S 19", "Price": 38955.0, "Drive": "RWD", "Capacity": 82.0, "Range": 250.0, "0to60": 7.8, "MaxSpeed": 99.0}, {"Model": "Volkswagen ID.4 AWD Pro 19", "Price": 38135.0, "Drive": "AWD", "Capacity": 82.0, "Range": 249.0, "0to60": 5.7, "MaxSpeed": 111.0}, {"Model": "Volkswagen ID.4 AWD Pro S 19", "Price": 42635.0, "Drive": "AWD", "Capacity": 82.0, "Range": 240.0, "0to60": 5.8, "MaxSpeed": 111.0}]